n_users,n_trips,events_per_trip,db,query,time_seconds,memory_mb
1000,10000,0,postgres,load,2.6159,125.21
1000,10000,0,postgres,query1,0.1742,130.14
1000,10000,0,postgres,query2,0.013,127.52
1000,10000,0,postgres,query3,0.0698,127.52
1000,10000,0,postgres,query4,0.002,127.52
1000,10000,0,mongodb,load,0.5444,130.38
1000,10000,0,mongodb,query1_lookup,2.3164,132.58
1000,10000,0,mongodb,query2,0.0937,132.58
1000,10000,0,mongodb,query3,0.0094,132.58
1000,10000,0,mongodb,query4,0.0041,132.58
1000,10000,0,neo4j,load,4.1206,132.52
1000,10000,0,neo4j,query1,0.014,132.52
1000,10000,0,neo4j,query2,0.0129,132.52
1000,10000,0,spark_doc,query2,1.7,133.47
1000,10000,0,spark_graph,pagerank,7.7884,143.27
1000,10000,0,spark_graph,connected_components,1.1219,143.27
1000,10000,2,postgres,load,5.4192,154.01
1000,10000,2,postgres,query1,0.2077,154.91
1000,10000,2,postgres,query2,0.012,155.29
1000,10000,2,postgres,query3,0.1047,155.29
1000,10000,2,postgres,query4,0.1281,155.29
1000,10000,2,mongodb,load,5.5946,162.02
1000,10000,2,mongodb,query1_lookup,2.7654,162.59
1000,10000,2,mongodb,query2,0.2289,162.6
1000,10000,2,mongodb,query3,0.0309,162.6
1000,10000,2,mongodb,query4,0.05,162.3
1000,10000,2,neo4j,load,3.2758,162.18
1000,10000,2,neo4j,query1,0.1921,162.18
1000,10000,2,neo4j,query2,0.013,162.18
1000,10000,2,spark_doc,query2,0.4132,162.3
1000,10000,2,spark_graph,pagerank,4.7886,162.16
1000,10000,2,spark_graph,connected_components,0.8951,162.16
1000,10000,5,postgres,load,11.1425,171.88
1000,10000,5,postgres,query1,0.19,171.88
1000,10000,5,postgres,query2,0.0114,171.88
1000,10000,5,postgres,query3,0.1141,171.88
1000,10000,5,postgres,query4,0.2056,171.89
1000,10000,5,mongodb,load,6.0128,177.36
1000,10000,5,mongodb,query1_lookup,1.8596,179.27
1000,10000,5,mongodb,query2,0.2,179.27
1000,10000,5,mongodb,query3,0.0221,179.27
1000,10000,5,mongodb,query4,0.1129,179.27
1000,10000,5,neo4j,load,2.9334,178.13
1000,10000,5,neo4j,query1,0.0111,178.13
1000,10000,5,neo4j,query2,0.009,178.13
1000,10000,5,spark_doc,query2,0.3929,178.29
1000,10000,5,spark_graph,pagerank,4.0691,178.13
1000,10000,5,spark_graph,connected_components,0.928,178.13
1000,10000,10,postgres,load,18.5081,198.48
1000,10000,10,postgres,query1,0.1936,198.51
1000,10000,10,postgres,query2,0.0123,198.51
1000,10000,10,postgres,query3,0.1024,198.51
1000,10000,10,postgres,query4,0.287,198.51
1000,10000,10,mongodb,load,6.1353,199.38
1000,10000,10,mongodb,query1_lookup,2.6931,199.39
1000,10000,10,mongodb,query2,0.2342,199.4
1000,10000,10,mongodb,query3,0.0248,199.4
1000,10000,10,mongodb,query4,0.1082,199.4
1000,10000,10,neo4j,load,2.9552,199.3
1000,10000,10,neo4j,query1,0.013,199.3
1000,10000,10,neo4j,query2,0.012,199.3
1000,10000,10,spark_doc,query2,0.3875,199.49
1000,10000,10,spark_graph,pagerank,4.1506,199.34
1000,10000,10,spark_graph,connected_components,0.8091,199.34
1000,50000,0,postgres,load,10.0308,193.09
1000,50000,0,postgres,query1,0.9513,193.18
1000,50000,0,postgres,query2,0.0419,193.18
1000,50000,0,postgres,query3,0.9078,193.18
1000,50000,0,postgres,query4,0.004,193.18
1000,50000,0,mongodb,load,2.6574,191.04
1000,50000,0,mongodb,query1_lookup,13.87,192.83
1000,50000,0,mongodb,query2,1.0136,192.83
1000,50000,0,mongodb,query3,0.1118,192.83
1000,50000,0,mongodb,query4,0.1003,192.83
1000,50000,0,neo4j,load,15.8558,193.33
1000,50000,0,neo4j,query1,0.1734,193.33
1000,50000,0,neo4j,query2,0.0897,193.33
1000,50000,0,spark_doc,query2,0.4741,194.0
1000,50000,0,spark_graph,pagerank,4.2984,193.88
1000,50000,0,spark_graph,connected_components,0.8354,193.88
1000,50000,2,postgres,load,28.5313,207.45
1000,50000,2,postgres,query1,0.906,210.18
1000,50000,2,postgres,query2,0.0386,209.55
1000,50000,2,postgres,query3,0.9676,209.55
1000,50000,2,postgres,query4,0.6845,209.55
1000,50000,2,mongodb,load,28.4605,221.83
1000,50000,2,mongodb,query1_lookup,13.7618,223.76
1000,50000,2,mongodb,query2,0.9336,222.78
1000,50000,2,mongodb,query3,0.0897,222.78
1000,50000,2,mongodb,query4,0.2566,223.56
1000,50000,2,neo4j,load,15.2963,222.69
1000,50000,2,neo4j,query1,0.0268,222.69
1000,50000,2,neo4j,query2,0.0209,222.69
1000,50000,2,spark_doc,query2,0.3453,225.06
1000,50000,2,spark_graph,pagerank,4.0072,225.28
1000,50000,2,spark_graph,connected_components,0.7983,225.28
1000,50000,5,postgres,load,51.7495,290.75
1000,50000,5,postgres,query1,0.9419,290.86
1000,50000,5,postgres,query2,0.0468,290.86
1000,50000,5,postgres,query3,0.7646,290.86
1000,50000,5,postgres,query4,0.9238,290.87
1000,50000,5,mongodb,load,28.4859,299.91
1000,50000,5,mongodb,query1_lookup,13.9134,301.59
1000,50000,5,mongodb,query2,0.9043,299.61
1000,50000,5,mongodb,query3,0.1112,299.61
1000,50000,5,mongodb,query4,0.4397,298.82
1000,50000,5,neo4j,load,16.0011,298.95
1000,50000,5,neo4j,query1,0.0528,298.95
1000,50000,5,neo4j,query2,0.0227,298.95
1000,50000,5,spark_doc,query2,0.3037,299.99
1000,50000,5,spark_graph,pagerank,3.8691,299.89
1000,50000,5,spark_graph,connected_components,0.8544,299.89
1000,50000,10,postgres,load,90.1827,414.99
1000,50000,10,postgres,query1,0.8883,415.0
1000,50000,10,postgres,query2,0.0379,415.0
1000,50000,10,postgres,query3,0.8445,415.0
1000,50000,10,postgres,query4,1.0282,415.0
1000,50000,10,mongodb,load,29.8296,420.07
1000,50000,10,mongodb,query1_lookup,13.5384,421.19
1000,50000,10,mongodb,query2,1.0984,420.2
1000,50000,10,mongodb,query3,0.1606,420.2
1000,50000,10,mongodb,query4,0.4544,419.24
1000,50000,10,neo4j,load,15.3797,419.16
1000,50000,10,neo4j,query1,0.0114,419.16
1000,50000,10,neo4j,query2,0.0092,419.16
1000,50000,10,spark_doc,query2,0.29,419.44
1000,50000,10,spark_graph,pagerank,3.7619,419.29
1000,50000,10,spark_graph,connected_components,0.7873,419.29
1000,100000,0,postgres,load,19.2128,326.76
1000,100000,0,postgres,query1,1.8367,326.89
1000,100000,0,postgres,query2,0.1656,320.89
1000,100000,0,postgres,query3,1.9032,320.89
1000,100000,0,postgres,query4,0.0039,320.89
1000,100000,0,mongodb,load,5.1856,316.5
1000,100000,0,mongodb,query1_lookup,21.0113,321.28
1000,100000,0,mongodb,query2,1.8981,321.28
1000,100000,0,mongodb,query3,0.2185,321.28
1000,100000,0,mongodb,query4,0.1126,321.28
1000,100000,0,neo4j,load,28.8854,321.21
1000,100000,0,neo4j,query1,0.0565,321.21
1000,100000,0,neo4j,query2,0.0138,321.21
1000,100000,0,spark_doc,query2,0.3362,318.97
1000,100000,0,spark_graph,pagerank,3.6208,318.58
1000,100000,0,spark_graph,connected_components,0.7977,318.58
1000,100000,2,postgres,load,52.4221,333.0
1000,100000,2,postgres,query1,1.7762,333.28
1000,100000,2,postgres,query2,0.1153,328.28
1000,100000,2,postgres,query3,1.6737,328.28
1000,100000,2,postgres,query4,0.9048,328.28
1000,100000,2,mongodb,load,55.7057,327.94
1000,100000,2,mongodb,query1_lookup,27.6519,332.99
1000,100000,2,mongodb,query2,1.8778,333.0
1000,100000,2,mongodb,query3,0.2843,333.0
1000,100000,2,mongodb,query4,0.6433,332.33
1000,100000,2,neo4j,load,30.2641,332.31
1000,100000,2,neo4j,query1,0.0649,332.31
1000,100000,2,neo4j,query2,0.0119,332.31
1000,100000,2,spark_doc,query2,0.3874,329.83
1000,100000,2,spark_graph,pagerank,4.0673,329.32
1000,100000,2,spark_graph,connected_components,0.7556,329.32
1000,100000,5,postgres,load,98.3793,419.18
1000,100000,5,postgres,query1,1.7864,418.64
1000,100000,5,postgres,query2,0.0937,417.64
1000,100000,5,postgres,query3,1.6857,417.64
1000,100000,5,postgres,query4,1.5199,417.65
1000,100000,5,mongodb,load,57.3396,431.64
1000,100000,5,mongodb,query1_lookup,26.8631,432.7
1000,100000,5,mongodb,query2,2.0837,432.7
1000,100000,5,mongodb,query3,0.3019,432.7
1000,100000,5,mongodb,query4,0.9098,434.22
1000,100000,5,neo4j,load,27.8693,433.14
1000,100000,5,neo4j,query1,0.0129,433.14
1000,100000,5,neo4j,query2,0.01,433.14
1000,100000,5,spark_doc,query2,0.3735,432.93
1000,100000,5,spark_graph,pagerank,3.7739,431.38
1000,100000,5,spark_graph,connected_components,0.7006,431.38
1000,100000,10,postgres,load,182.2194,675.78
1000,100000,10,postgres,query1,1.8163,674.8
1000,100000,10,postgres,query2,0.0962,673.8
1000,100000,10,postgres,query3,1.619,673.8
1000,100000,10,postgres,query4,1.927,673.81
1000,100000,10,mongodb,load,59.1385,692.64
1000,100000,10,mongodb,query1_lookup,27.207,685.96
1000,100000,10,mongodb,query2,2.1513,685.96
1000,100000,10,mongodb,query3,0.2881,685.96
1000,100000,10,mongodb,query4,0.9732,685.96
1000,100000,10,neo4j,load,29.026,685.84
1000,100000,10,neo4j,query1,0.0821,685.84
1000,100000,10,neo4j,query2,0.0203,685.84
1000,100000,10,spark_doc,query2,0.402,683.37
1000,100000,10,spark_graph,pagerank,4.2997,682.98
1000,100000,10,spark_graph,connected_components,0.9407,682.98
10000,10000,0,postgres,load,3.9037,304.73
10000,10000,0,postgres,query1,0.1909,304.86
10000,10000,0,postgres,query2,0.0577,304.9
10000,10000,0,postgres,query3,0.1415,304.9
10000,10000,0,postgres,query4,0.003,304.9
10000,10000,0,mongodb,load,0.7423,305.15
10000,10000,0,mongodb,query1_lookup,2.6579,305.17
10000,10000,0,mongodb,query2,0.656,300.18
10000,10000,0,mongodb,query3,0.013,300.18
10000,10000,0,mongodb,query4,0.007,300.18
10000,10000,0,neo4j,load,5.5466,298.95
10000,10000,0,neo4j,query1,0.6464,298.95
10000,10000,0,neo4j,query2,0.2103,298.95
10000,10000,0,spark_doc,query2,0.3992,298.23
10000,10000,0,spark_graph,pagerank,4.1264,298.08
10000,10000,0,spark_graph,connected_components,0.8978,298.08
10000,10000,2,postgres,load,6.7461,290.04
10000,10000,2,postgres,query1,0.1781,290.12
10000,10000,2,postgres,query2,0.0929,288.13
10000,10000,2,postgres,query3,0.1107,282.13
10000,10000,2,postgres,query4,0.1148,282.15
10000,10000,2,mongodb,load,5.8531,283.89
10000,10000,2,mongodb,query1_lookup,2.7546,283.89
10000,10000,2,mongodb,query2,0.6343,283.9
10000,10000,2,mongodb,query3,0.0171,283.9
10000,10000,2,mongodb,query4,0.0913,283.67
10000,10000,2,neo4j,load,3.3928,283.61
10000,10000,2,neo4j,query1,0.1129,283.61
10000,10000,2,neo4j,query2,0.0065,283.61
10000,10000,2,spark_doc,query2,0.3969,283.8
10000,10000,2,spark_graph,pagerank,3.9239,283.65
10000,10000,2,spark_graph,connected_components,0.8311,283.65
10000,10000,5,postgres,load,11.5451,282.79
10000,10000,5,postgres,query1,0.1806,282.79
10000,10000,5,postgres,query2,0.0565,282.79
10000,10000,5,postgres,query3,0.1126,282.79
10000,10000,5,postgres,query4,0.3305,281.8
10000,10000,5,mongodb,load,6.0417,283.16
10000,10000,5,mongodb,query1_lookup,2.6713,283.16
10000,10000,5,mongodb,query2,0.6644,283.16
10000,10000,5,mongodb,query3,0.0179,283.16
10000,10000,5,mongodb,query4,0.0987,283.16
10000,10000,5,neo4j,load,3.2869,283.01
10000,10000,5,neo4j,query1,0.005,283.01
10000,10000,5,neo4j,query2,0.0079,283.01
10000,10000,5,spark_doc,query2,0.3379,282.17
10000,10000,5,spark_graph,pagerank,3.9163,282.02
10000,10000,5,spark_graph,connected_components,0.8514,282.02
10000,10000,10,postgres,load,20.4737,279.57
10000,10000,10,postgres,query1,0.1764,279.59
10000,10000,10,postgres,query2,0.0857,279.6
10000,10000,10,postgres,query3,0.0659,279.6
10000,10000,10,postgres,query4,0.3328,279.69
10000,10000,10,mongodb,load,6.2338,278.5
10000,10000,10,mongodb,query1_lookup,2.8283,278.51
10000,10000,10,mongodb,query2,0.6379,278.53
10000,10000,10,mongodb,query3,0.0159,278.53
10000,10000,10,mongodb,query4,0.0888,278.53
10000,10000,10,neo4j,load,3.2264,278.48
10000,10000,10,neo4j,query1,0.004,278.48
10000,10000,10,neo4j,query2,0.0059,278.48
10000,10000,10,spark_doc,query2,0.3691,279.21
10000,10000,10,spark_graph,pagerank,4.0523,279.12
10000,10000,10,spark_graph,connected_components,0.7789,279.12
10000,50000,0,postgres,load,11.3757,271.88
10000,50000,0,postgres,query1,0.8932,271.96
10000,50000,0,postgres,query2,0.0795,271.97
10000,50000,0,postgres,query3,0.8535,271.97
10000,50000,0,postgres,query4,0.004,271.97
10000,50000,0,mongodb,load,2.5777,270.07
10000,50000,0,mongodb,query1_lookup,13.9531,271.57
10000,50000,0,mongodb,query2,1.4818,271.57
10000,50000,0,mongodb,query3,0.1235,271.57
10000,50000,0,mongodb,query4,0.0519,271.57
10000,50000,0,neo4j,load,14.2643,271.49
10000,50000,0,neo4j,query1,0.3585,271.49
10000,50000,0,neo4j,query2,0.025,271.49
10000,50000,0,spark_doc,query2,0.5721,272.65
10000,50000,0,spark_graph,pagerank,4.0007,272.5
10000,50000,0,spark_graph,connected_components,0.7146,272.5
10000,50000,2,postgres,load,30.0264,279.13
10000,50000,2,postgres,query1,0.9225,279.13
10000,50000,2,postgres,query2,0.097,279.13
10000,50000,2,postgres,query3,0.8702,279.13
10000,50000,2,postgres,query4,0.6728,279.13
10000,50000,2,mongodb,load,28.0843,276.19
10000,50000,2,mongodb,query1_lookup,14.171,279.83
10000,50000,2,mongodb,query2,1.3833,279.84
10000,50000,2,mongodb,query3,0.1219,279.84
10000,50000,2,mongodb,query4,0.3001,280.4
10000,50000,2,neo4j,load,15.0447,280.34
10000,50000,2,neo4j,query1,0.008,280.34
10000,50000,2,neo4j,query2,0.0648,280.34
10000,50000,2,spark_doc,query2,0.429,281.56
10000,50000,2,spark_graph,pagerank,3.9761,281.42
10000,50000,2,spark_graph,connected_components,0.9041,281.42
10000,50000,5,postgres,load,51.2694,298.11
10000,50000,5,postgres,query1,0.914,298.12
10000,50000,5,postgres,query2,0.0796,298.13
10000,50000,5,postgres,query3,0.9398,298.13
10000,50000,5,postgres,query4,1.1836,298.49
10000,50000,5,mongodb,load,29.3675,301.3
10000,50000,5,mongodb,query1_lookup,13.1044,304.39
10000,50000,5,mongodb,query2,1.5588,303.41
10000,50000,5,mongodb,query3,0.0941,303.41
10000,50000,5,mongodb,query4,0.4306,303.48
10000,50000,5,neo4j,load,15.0606,303.88
10000,50000,5,neo4j,query1,0.005,303.88
10000,50000,5,neo4j,query2,0.0063,303.88
10000,50000,5,spark_doc,query2,0.4663,304.71
10000,50000,5,spark_graph,pagerank,4.1314,304.57
10000,50000,5,spark_graph,connected_components,0.7402,304.57
10000,50000,10,postgres,load,91.3093,425.11
10000,50000,10,postgres,query1,0.9094,425.23
10000,50000,10,postgres,query2,0.0817,425.26
10000,50000,10,postgres,query3,0.7594,425.26
10000,50000,10,postgres,query4,1.1017,425.3
10000,50000,10,mongodb,load,29.9188,425.29
10000,50000,10,mongodb,query1_lookup,13.7329,426.3
10000,50000,10,mongodb,query2,1.5441,426.3
10000,50000,10,mongodb,query3,0.0907,426.3
10000,50000,10,mongodb,query4,0.4288,426.32
10000,50000,10,neo4j,load,14.2244,426.88
10000,50000,10,neo4j,query1,0.006,426.88
10000,50000,10,neo4j,query2,0.0069,426.88
10000,50000,10,spark_doc,query2,0.4588,426.47
10000,50000,10,spark_graph,pagerank,4.018,426.32
10000,50000,10,spark_graph,connected_components,0.769,426.32
10000,100000,0,postgres,load,20.9454,364.09
10000,100000,0,postgres,query1,1.774,364.44
10000,100000,0,postgres,query2,0.1842,364.44
10000,100000,0,postgres,query3,1.7771,364.44
10000,100000,0,postgres,query4,0.004,364.44
10000,100000,0,mongodb,load,5.3573,363.43
10000,100000,0,mongodb,query1_lookup,21.7026,367.29
10000,100000,0,mongodb,query2,2.3852,367.29
10000,100000,0,mongodb,query3,0.245,367.29
10000,100000,0,mongodb,query4,0.198,367.29
10000,100000,0,neo4j,load,28.5386,367.25
10000,100000,0,neo4j,query1,0.0149,367.25
10000,100000,0,neo4j,query2,0.008,367.25
10000,100000,0,spark_doc,query2,0.4191,365.36
10000,100000,0,spark_graph,pagerank,3.8362,362.68
10000,100000,0,spark_graph,connected_components,0.8848,362.68
10000,100000,2,postgres,load,55.3092,378.23
10000,100000,2,postgres,query1,1.7971,378.78
10000,100000,2,postgres,query2,0.2363,378.78
10000,100000,2,postgres,query3,1.6191,377.78
10000,100000,2,postgres,query4,0.9091,377.79
10000,100000,2,mongodb,load,55.7191,373.68
10000,100000,2,mongodb,query1_lookup,27.9299,376.97
10000,100000,2,mongodb,query2,2.6207,376.99
10000,100000,2,mongodb,query3,0.2472,376.99
10000,100000,2,mongodb,query4,0.6662,377.32
10000,100000,2,neo4j,load,27.8176,377.01
10000,100000,2,neo4j,query1,0.0079,377.01
10000,100000,2,neo4j,query2,0.0083,377.01
10000,100000,2,spark_doc,query2,0.3918,375.7
10000,100000,2,spark_graph,pagerank,5.0278,374.11
10000,100000,2,spark_graph,connected_components,0.9406,374.11
10000,100000,5,postgres,load,99.703,432.14
10000,100000,5,postgres,query1,1.7332,430.37
10000,100000,5,postgres,query2,0.2591,428.37
10000,100000,5,postgres,query3,1.6332,428.37
10000,100000,5,postgres,query4,1.5053,428.37
10000,100000,5,mongodb,load,57.3245,445.21
10000,100000,5,mongodb,query1_lookup,27.4034,442.59
10000,100000,5,mongodb,query2,2.7122,440.59
10000,100000,5,mongodb,query3,0.1774,440.59
10000,100000,5,mongodb,query4,0.9177,442.41
10000,100000,5,neo4j,load,29.2122,442.38
10000,100000,5,neo4j,query1,0.0061,442.38
10000,100000,5,neo4j,query2,0.0087,442.38
10000,100000,5,spark_doc,query2,0.489,440.22
10000,100000,5,spark_graph,pagerank,5.158,438.39
10000,100000,5,spark_graph,connected_components,0.9309,438.39
10000,100000,10,postgres,load,182.2776,682.88
10000,100000,10,postgres,query1,1.7815,682.95
10000,100000,10,postgres,query2,0.2507,682.95
10000,100000,10,postgres,query3,1.5581,682.95
10000,100000,10,postgres,query4,1.9652,682.97
10000,100000,10,mongodb,load,58.9988,694.88
10000,100000,10,mongodb,query1_lookup,26.9798,690.83
10000,100000,10,mongodb,query2,2.7059,690.83
10000,100000,10,mongodb,query3,0.2523,690.83
10000,100000,10,mongodb,query4,1.1496,689.85
10000,100000,10,neo4j,load,29.3219,689.91
10000,100000,10,neo4j,query1,0.0129,689.91
10000,100000,10,neo4j,query2,0.0339,689.91
10000,100000,10,spark_doc,query2,0.4351,687.53
10000,100000,10,spark_graph,pagerank,4.015,686.64
10000,100000,10,spark_graph,connected_components,0.8229,686.64
50000,10000,0,postgres,load,10.9816,355.41
50000,10000,0,postgres,query1,0.205,355.41
50000,10000,0,postgres,query2,0.2912,354.55
50000,10000,0,postgres,query3,0.1206,352.55
50000,10000,0,postgres,query4,0.003,352.55
50000,10000,0,mongodb,load,1.6759,350.29
50000,10000,0,mongodb,query1_lookup,2.7312,350.29
50000,10000,0,mongodb,query2,1.9951,351.01
50000,10000,0,mongodb,query3,0.012,351.01
50000,10000,0,mongodb,query4,0.006,351.01
50000,10000,0,neo4j,load,6.8451,350.92
50000,10000,0,neo4j,query1,0.3823,350.92
50000,10000,0,neo4j,query2,0.0092,350.92
50000,10000,0,spark_doc,query2,0.5156,351.12
50000,10000,0,spark_graph,pagerank,4.2721,349.97
50000,10000,0,spark_graph,connected_components,0.8564,349.97
50000,10000,2,postgres,load,12.7931,349.27
50000,10000,2,postgres,query1,0.222,348.38
50000,10000,2,postgres,query2,0.1994,348.48
50000,10000,2,postgres,query3,0.1156,348.48
50000,10000,2,postgres,query4,0.1431,347.54
50000,10000,2,mongodb,load,6.6139,348.08
50000,10000,2,mongodb,query1_lookup,2.6433,348.08
50000,10000,2,mongodb,query2,2.0345,348.09
50000,10000,2,mongodb,query3,0.0119,348.09
50000,10000,2,mongodb,query4,0.023,348.73
50000,10000,2,neo4j,load,5.0066,348.62
50000,10000,2,neo4j,query1,0.003,348.62
50000,10000,2,neo4j,query2,0.0063,348.62
50000,10000,2,spark_doc,query2,0.5232,349.76
50000,10000,2,spark_graph,pagerank,3.8461,349.61
50000,10000,2,spark_graph,connected_components,0.8318,349.61
50000,10000,5,postgres,load,19.5887,346.08
50000,10000,5,postgres,query1,0.2069,346.09
50000,10000,5,postgres,query2,0.2544,346.15
50000,10000,5,postgres,query3,0.0887,346.15
50000,10000,5,postgres,query4,0.3306,346.15
50000,10000,5,mongodb,load,6.9051,346.72
50000,10000,5,mongodb,query1_lookup,2.716,346.72
50000,10000,5,mongodb,query2,1.9191,346.72
50000,10000,5,mongodb,query3,0.0189,346.72
50000,10000,5,mongodb,query4,0.0737,346.72
50000,10000,5,neo4j,load,4.6141,346.61
50000,10000,5,neo4j,query1,0.004,346.61
50000,10000,5,neo4j,query2,0.007,346.61
50000,10000,5,spark_doc,query2,0.4928,348.78
50000,10000,5,spark_graph,pagerank,3.8132,348.63
50000,10000,5,spark_graph,connected_components,0.8843,348.63
50000,10000,10,postgres,load,25.5959,347.76
50000,10000,10,postgres,query1,0.1774,347.78
50000,10000,10,postgres,query2,0.2148,347.79
50000,10000,10,postgres,query3,0.0598,347.79
50000,10000,10,postgres,query4,0.3111,347.79
50000,10000,10,mongodb,load,6.9008,345.29
50000,10000,10,mongodb,query1_lookup,2.6876,345.29
50000,10000,10,mongodb,query2,2.0571,345.49
50000,10000,10,mongodb,query3,0.012,345.49
50000,10000,10,mongodb,query4,0.0519,345.49
50000,10000,10,neo4j,load,3.9959,345.41
50000,10000,10,neo4j,query1,0.102,345.41
50000,10000,10,neo4j,query2,0.0863,345.41
50000,10000,10,spark_doc,query2,0.4814,345.97
50000,10000,10,spark_graph,pagerank,3.9052,345.82
50000,10000,10,spark_graph,connected_components,0.8275,345.82
50000,50000,0,postgres,load,17.1637,342.79
50000,50000,0,postgres,query1,0.9259,342.91
50000,50000,0,postgres,query2,0.3319,343.17
50000,50000,0,postgres,query3,0.8839,343.17
50000,50000,0,postgres,query4,0.004,343.17
50000,50000,0,mongodb,load,3.8027,340.05
50000,50000,0,mongodb,query1_lookup,11.6542,341.52
50000,50000,0,mongodb,query2,2.1997,341.53
50000,50000,0,mongodb,query3,0.0888,341.53
50000,50000,0,mongodb,query4,0.0548,341.53
50000,50000,0,neo4j,load,16.1701,341.45
50000,50000,0,neo4j,query1,0.1316,341.45
50000,50000,0,neo4j,query2,0.0149,341.45
50000,50000,0,spark_doc,query2,0.5529,342.1
50000,50000,0,spark_graph,pagerank,3.7952,342.33
50000,50000,0,spark_graph,connected_components,0.6821,342.33
50000,50000,2,postgres,load,32.9976,349.0
50000,50000,2,postgres,query1,1.0188,349.01
50000,50000,2,postgres,query2,0.3177,349.01
50000,50000,2,postgres,query3,0.4754,349.01
50000,50000,2,postgres,query4,0.6133,349.01
50000,50000,2,mongodb,load,28.8709,345.46
50000,50000,2,mongodb,query1_lookup,13.5759,346.55
50000,50000,2,mongodb,query2,3.0996,346.56
50000,50000,2,mongodb,query3,0.0851,346.56
50000,50000,2,mongodb,query4,0.3098,346.56
50000,50000,2,neo4j,load,11.8177,346.91
50000,50000,2,neo4j,query1,0.005,346.91
50000,50000,2,neo4j,query2,0.0242,346.91
50000,50000,2,spark_doc,query2,0.5046,349.77
50000,50000,2,spark_graph,pagerank,3.9939,349.63
50000,50000,2,spark_graph,connected_components,0.7168,349.63
50000,50000,5,postgres,load,59.3866,357.01
50000,50000,5,postgres,query1,0.9642,357.07
50000,50000,5,postgres,query2,0.3105,357.07
50000,50000,5,postgres,query3,0.7719,357.07
50000,50000,5,postgres,query4,1.2524,357.07
50000,50000,5,mongodb,load,29.6478,357.01
50000,50000,5,mongodb,query1_lookup,14.1715,357.05
50000,50000,5,mongodb,query2,3.3463,357.07
50000,50000,5,mongodb,query3,0.0589,357.07
50000,50000,5,mongodb,query4,0.4806,357.12
50000,50000,5,neo4j,load,10.0635,355.4
50000,50000,5,neo4j,query1,0.0047,355.4
50000,50000,5,neo4j,query2,0.0143,355.4
50000,50000,5,spark_doc,query2,0.5234,356.84
50000,50000,5,spark_graph,pagerank,3.888,356.69
50000,50000,5,spark_graph,connected_components,0.7299,356.69
50000,50000,10,postgres,load,99.3239,434.22
50000,50000,10,postgres,query1,0.9162,434.23
50000,50000,10,postgres,query2,0.2803,434.24
50000,50000,10,postgres,query3,0.6903,434.24
50000,50000,10,postgres,query4,1.107,434.61
50000,50000,10,mongodb,load,30.8065,436.67
50000,50000,10,mongodb,query1_lookup,13.881,437.04
50000,50000,10,mongodb,query2,3.3708,437.04
50000,50000,10,mongodb,query3,0.0865,437.04
50000,50000,10,mongodb,query4,0.4161,437.04
50000,50000,10,neo4j,load,16.3019,436.94
50000,50000,10,neo4j,query1,0.004,436.94
50000,50000,10,neo4j,query2,0.0238,436.94
50000,50000,10,spark_doc,query2,0.5615,436.43
50000,50000,10,spark_graph,pagerank,4.9652,436.28
50000,50000,10,spark_graph,connected_components,0.9943,436.28
50000,100000,0,postgres,load,29.5648,366.77
50000,100000,0,postgres,query1,1.811,367.66
50000,100000,0,postgres,query2,0.432,367.66
50000,100000,0,postgres,query3,1.3727,367.66
50000,100000,0,postgres,query4,0.004,367.66
50000,100000,0,mongodb,load,5.5485,365.04
50000,100000,0,mongodb,query1_lookup,27.6586,368.94
50000,100000,0,mongodb,query2,4.5447,368.96
50000,100000,0,mongodb,query3,0.1714,368.96
50000,100000,0,mongodb,query4,0.1176,368.96
50000,100000,0,neo4j,load,29.6388,368.86
50000,100000,0,neo4j,query1,0.007,368.86
50000,100000,0,neo4j,query2,0.6265,368.86
50000,100000,0,spark_doc,query2,0.6668,368.24
50000,100000,0,spark_graph,pagerank,4.9392,365.09
50000,100000,0,spark_graph,connected_components,0.8791,365.09
50000,100000,2,postgres,load,58.7588,380.95
50000,100000,2,postgres,query1,1.8055,381.84
50000,100000,2,postgres,query2,0.4845,381.84
50000,100000,2,postgres,query3,1.7893,381.84
50000,100000,2,postgres,query4,0.934,381.86
50000,100000,2,mongodb,load,57.4353,377.93
50000,100000,2,mongodb,query1_lookup,27.5089,380.84
50000,100000,2,mongodb,query2,4.6568,380.96
50000,100000,2,mongodb,query3,0.2372,380.96
50000,100000,2,mongodb,query4,0.6513,380.96
50000,100000,2,neo4j,load,29.7937,381.1
50000,100000,2,neo4j,query1,0.0062,381.1
50000,100000,2,neo4j,query2,0.0116,381.1
50000,100000,2,spark_doc,query2,0.6147,383.07
50000,100000,2,spark_graph,pagerank,4.8889,378.7
50000,100000,2,spark_graph,connected_components,0.8949,378.7
50000,100000,5,postgres,load,109.163,462.88
50000,100000,5,postgres,query1,1.7903,462.91
50000,100000,5,postgres,query2,0.5017,462.93
50000,100000,5,postgres,query3,1.6204,462.93
50000,100000,5,postgres,query4,1.5952,462.93
50000,100000,5,mongodb,load,57.5595,472.68
50000,100000,5,mongodb,query1_lookup,27.035,473.3
50000,100000,5,mongodb,query2,4.5956,472.33
50000,100000,5,mongodb,query3,0.2117,472.33
50000,100000,5,mongodb,query4,0.9431,473.02
50000,100000,5,neo4j,load,23.8066,471.93
50000,100000,5,neo4j,query1,0.0059,471.93
50000,100000,5,neo4j,query2,0.0096,471.93
50000,100000,5,spark_doc,query2,0.5823,467.47
50000,100000,5,spark_graph,pagerank,4.4713,467.31
50000,100000,5,spark_graph,connected_components,0.7941,467.31
50000,100000,10,postgres,load,187.0909,710.68
50000,100000,10,postgres,query1,1.8306,710.68
50000,100000,10,postgres,query2,0.4578,710.68
50000,100000,10,postgres,query3,1.6583,710.68
50000,100000,10,postgres,query4,2.0792,710.68
50000,100000,10,mongodb,load,61.3628,714.3
50000,100000,10,mongodb,query1_lookup,27.6775,713.62
50000,100000,10,mongodb,query2,4.8244,713.64
50000,100000,10,mongodb,query3,0.1929,713.64
50000,100000,10,mongodb,query4,1.0949,714.21
50000,100000,10,neo4j,load,31.9864,714.12
50000,100000,10,neo4j,query1,0.0041,714.12
50000,100000,10,neo4j,query2,0.0344,714.12
50000,100000,10,spark_doc,query2,0.6317,711.43
50000,100000,10,spark_graph,pagerank,4.0683,709.29
50000,100000,10,spark_graph,connected_components,0.8008,709.29
10000,10000,2,postgres,load,8.6468,132.45
10000,10000,2,postgres,query1,0.3428,135.81
10000,10000,2,postgres,query2,0.0754,138.24
10000,10000,2,postgres,query3,0.1265,136.24
10000,10000,2,postgres,query4,0.2336,136.25
10000,10000,2,mongodb,load,13.4668,144.96
10000,10000,2,mongodb,query1_lookup,2.6403,145.51
10000,10000,2,mongodb,query2,0.6198,145.52
10000,10000,2,mongodb,query3,0.0251,145.52
10000,10000,2,mongodb,query4,0.0986,144.92
10000,10000,2,neo4j,load,11.6793,144.79
10000,10000,2,neo4j,query1,0.587,144.79
10000,10000,2,neo4j,query2,0.4622,144.79
10000,10000,2,spark_doc,query2,1.6441,144.98
10000,10000,2,spark_graph,pagerank,10.8622,151.78
10000,10000,2,spark_graph,connected_components,1.5188,151.78
